work_id,title,description,first_author,content_tags,series,earliest_known_publication_year,publication_decade,pages,length_category,average_rating,ratings_count,reviews_count,has_rating,rating_confidence,weighted_rating,log_ratings_count,log_reviews_count,num_editions,log_num_editions,is_part_of_series,url,language
81.0,Five Little Peppers Abroad,"Harriett Mulford Stone wrote under the pseudonym Margaret Sidney. She was an American author best known for the series Five Little Peppers. At 34 Sidney began writing short stories for children. Prompted by the success of these stories she wrote the first of the Five Little Peppers stories. Besides writing Harriett belonged to the Daughters of the American Revolution and founded the Children of the American Revolution with the purpose of "" training of young people in true patriotism and love of country"". The five little Peppers are: Ben, Polly, Joel, Davie and Phronsie. At the end of Five Little Peppers Midway, the girls, Mr. and Mrs. Fisher, Jasper, and Grandpa King are leaving for a voyage to Europe. They have adventures on shipboard and go sightseeing in England, France, Holland, and Italy. The 12 books in this series are suggested for children in upper Elementary school.",Margaret Sidney,"[""Fiction"", ""Classics"", ""Childrens"", ""Historical Fiction"", ""Young Adult"", ""Middle Grade"", ""Family""]","[""{'name': 'Five Little Peppers', 'position': '7'}""]",2010.0,2010s,220.0,medium,3.81,404.0,26.0,True,0.9223744292237442,3.812113056645147,6.003887067106539,3.295836866004329,123.0,4.820281565605037,True,https://www.goodreads.com/book/show/7933641,English
84.0,Baby Island,"What would you do if you were shipwrecked with four lively babies in the middle of the ocean? Mary and Jean aren't bothered a bit. Before long, they are all happily settled in a cozy hut on a tropical island. There's no problem these two babysitters can't seem to solve alone on their island... Alone? Then who made those huge footprints in the sand?",Carol Ryrie Brink,"[""Childrens"", ""Fiction"", ""Adventure"", ""Survival"", ""Middle Grade"", ""Young Adult"", ""Classics"", ""Chapter Books"", ""Juvenile"", ""Historical Fiction""]",[],1965.0,1960s,154.0,short,4.08,2715.0,413.0,True,0.9876318661331394,4.076997278577874,7.906915488678587,6.025865973825314,35.0,3.58351893845611,False,https://www.goodreads.com/book/show/7934,English
114.0,The Far Pavilions,"A BBC Radio 4 full-cast dramatisation of M.M. Kaye’s epic novel of love and war. M.M. Kaye’s masterwork is a vast, rich and vibrant tapestry of love and war that spans over twenty years, moving from the foothills of the Himalayas, to the burning plains, to the besieged British Mission in Kabul. It begins in 1857 when, following the Indian Mutiny, young English orphan Ashton is disguised by his ayah Sita as her Indian son, Ashok. As he forgets his true identity, his destiny is set... A story of divided loyalties and fierce friendship; of true love made impossible by class and race; a critique of the imperialist adventure; and an examination of the cultural and spiritual clash between East and West, ‘The Far Pavilions’ is a searing insight into the human heart. Vineeta Rishi (‘The Last Detective’) stars as Sita and the Narrator, with Blake Ritson as Ashok/Ashton and Ayesha Dharker as Anjuli.",M.M. Kaye,"[""Historical Fiction"", ""Fiction"", ""India"", ""Romance"", ""Historical"", ""Classics"", ""Adventure"", ""Historical Romance"", ""Asia"", ""19th Century""]",[],1978.0,1970s,1191.0,very_long,4.2,45574.0,1812.0,True,0.9992545167514472,4.19972955443805,10.727114599546864,7.502738210754851,114.0,4.74493212836325,False,https://www.goodreads.com/book/show/6450098,English
115.0,Where the Red Fern Grows,"For fans of Old Yeller and Shiloh, Where the Red Fern Grows is a beloved classic that captures the powerful bond between man and man's best friend. Billy has long dreamt of owning not one, but two, dogs. So when he's finally able to save up enough money for two pups to call his own--Old Dan and Little Ann--he's ecstatic. It doesn't matter that times are tough; together they'll roam the hills of the Ozarks. Soon Billy and his hounds become the finest hunting team in the valley. Stories of their great achievements spread throughout the region, and the combination of Old Dan's brawn, Little Ann's brains, and Billy's sheer will seems unbeatable. But tragedy awaits these determined hunters--now friends--and Billy learns that hope can grow out of despair, and that the seeds of the future can come from the scars of the past. Praise for Where the Red Fern Grows A Top 100 Children's Novel, School Library Journal ' s A Fuse #8 Production A Must-Read for Kids 9 to 14, NPR Winner of Multiple State Awards Over 7 million copies in print! ""A rewarding book . . . [with] careful, precise observation, all of it rightly phrased."" -- The New York Times Book Review ""One of the great classics of children's literature . . . Any child who doesn't get to read this beloved and powerfully emotional book has missed out on an important piece of childhood for the last 40-plus years."" -- Common Sense Media ""An exciting tale of love and adventure you'll never forget."" -- School Library Journal ""A book of unadorned naturalness."" -- Kirkus Reviews ""Written with so much feeling and sentiment that adults as well as children are drawn [in] with a passion."" -- Arizona Daily Star ""It's a story about a young boy and his two hunting dogs and . . . I can't even go on without getting a little misty."" -- The Huffington Post ""A brilliant literary work."" --TeenInk.com ""We tear up just thinking about it."" -- Time on the film adaptation",Wilson Rawls,"[""Classics"", ""Fiction"", ""Young Adult"", ""Childrens"", ""Middle Grade"", ""Historical Fiction"", ""School"", ""Animals"", ""Realistic Fiction"", ""Read For School""]",[],1996.0,1990s,230.5,medium,4.13,450842.0,16523.0,True,0.9999245912401636,4.129977921909373,13.018874442579284,9.712569148516655,149.0,5.0106352940962555,False,https://www.goodreads.com/book/show/3159165,English
307.0,Along the Clipper Way,Ballentine # 01203-7. FIRST 1973. $1.25 cover price.,Francis Chichester,"[""Nonfiction"", ""History"", ""Nautical""]",[],1974.0,1970s,287.0,medium,3.96,53.0,8.0,True,0.6091954022988506,3.912017457592807,3.9889840465642745,2.1972245773362196,25.0,3.258096538021482,False,https://www.goodreads.com/book/show/490,English
335.0,The Master,"Esta novela trata sobre el celebre escritor norteamericano Henry James, desde su ruidoso fracaso en el teatro y durante los cinco anos subsiguientes. Ganadora de Los Angeles Times Book Award, finalista del Booker Prize, seleccionada entre los diez mejores libros del ano por el New York Times Book Review, ganadora como mejor novela extranjera en Francia (Prix du Meilleur Livre Etranger, 2005).",Colm Tóibín,"[""Fiction"", ""Historical Fiction"", ""Ireland"", ""Irish Literature"", ""Literary Fiction"", ""Historical"", ""Novels"", ""Literature"", ""Book Club"", ""LGBT""]",[],2004.0,2000s,,unknown,3.84,12321.0,1483.0,True,0.9972480777013355,3.839992352797294,9.419141561574516,7.302496423727326,96.0,4.574710978503383,False,https://www.goodreads.com/book/show/43696,English
362.0,The Life of Lazarillo de Tormes and His Fortunes and Adversities,"Purchase of this book includes free trial access to www.million-books.com where you can read more than a million books for free. This is an OCR edition with typos. Excerpt from book: TREATISE SECOND How Lazaro Took Service with a Priest, and of the Things He Went through while with Him THE next day, as it did not seem to me that I was safe there, I went on to a village called Maqueda, where my sins ran me against a priest, who when I approached him to beg alms, asked me if I knew how to serve mass. I told him yes, which was true, for although he abused me, the sinner of a blind man taught me a thousand good things, and one of them was this. In a word, the priest received me to be his. I escaped from the thunder and got into the lightning, for the blind man was, compared to this one, an Alexander the Great, though being avarice itself, as I have recounted. I say no more, except that all the meanness of the world was enclosed in this one; I know not whether it was his own invention, or if he had annexed it with the clerical habit. He had a big old chest, locked with a key which he carried fastened to a strap of his cassock, and when the wheaten loaf came from the church, it was at once thrown in there by his hand, and the chest locked up again; and in the whole house there was not a thing to eat, as there generally is in others: some bacon hung in the chimney, some cheese set on a shelf in the cupboard, some little basket with some hunks of bread left over from the table. It seems to me that although I might not have enjoyed them, I could have consoled myself with the sight of them. There was only a string of onions, and those under lock and key, in a chamber at the top of the house; whereof I had as rations one every four days. And when I asked for the key to go for it, if any one was present, he would put his hand into his breast-pocket, and with greatdeliberateness unfasten it and give it me, saying: Take it, and bring it back directly, and don'...",Anonymous,"[""Classics"", ""Fiction"", ""Spanish Literature"", ""School"", ""Spain"", ""Literature"", ""Novels"", ""16th Century"", ""Read For School"", ""Historical Fiction""]",[],1970.0,1970s,93.0,short,3.53,37522.0,2278.0,True,0.9990946852699968,3.5302781318247565,10.532709357279819,7.731492029245684,918.0,6.823286122355687,False,https://www.goodreads.com/book/show/7837835,English
423.0,The Forever War,"The Earth's leaders have drawn a line in the interstellar sand—despite the fact that the fierce alien enemy that they would oppose is inscrutable, unconquerable, and very far away. A reluctant conscript drafted into an elite Military unit, Private William Mandella has been propelled through space and time to fight in the distant thousand-year conflict; to perform his duties without rancor and even rise up through military ranks. Pvt. Mandella is willing to do whatever it takes to survive the ordeal and return home. But ""home"" may be even more terrifying than battle, because, thanks to the time dilation caused by space travel, Mandella is aging months while the Earth he left behind is aging centuries.",Joe Haldeman,"[""Science Fiction"", ""Fiction"", ""War"", ""Classics"", ""Space Opera"", ""Science Fiction Fantasy"", ""Military Fiction"", ""Time Travel"", ""Space""]","[""{'name': 'The Forever War', 'position': '1'}""]",2005.0,2000s,229.0,medium,4.14,185375.0,8932.0,True,0.9998166216310966,4.139944476906788,12.130141473896352,9.09750756370184,141.0,4.955827057601261,True,https://www.goodreads.com/book/show/93144,English
466.0,The Melancholy Death of Oyster Boy,Nice new unread hardcover with lovely color pictures filled with angst and dread.,Tim Burton,"[""Poetry"", ""Fiction"", ""Short Stories"", ""Fantasy"", ""Horror"", ""Humor"", ""Art"", ""Gothic"", ""Graphic Novels"", ""Young Adult""]",[],2010.0,2010s,128.0,short,4.11,43839.0,3463.0,True,0.9992250358990723,4.109788606177161,10.688301921621898,8.150179269682326,78.0,4.3694478524670215,False,https://www.goodreads.com/book/show/8713848,English
500.0,Leaving Cold Sassy,"""Cold Sassy Tree,"" Olive Ann Burns unforgettable story of a Georgia town at the turn of the century, has captivated millions of readers with its tale of Grandpa Blakeslee, his young bride Miss Love, and the irrepressible fiteen-year-old Will Tweedy. Throughout her long battle with cancer, Olive Ann Burns worked passionately on a sequel to this magical book. Only during her final days did she realize she wouldn't complete it, dictating from her hospital bed her wishes that the finished chapters be published. The result is ""Leaving Cold Sassy"" - a portait of the grown-up Will Tweedy; of the feisty young schoolteacher who captures his heart; of the town that has claimed a place in the American imagination; and, in a fascinating reminiscence by her editor, of Olive Ann Burns, a writer who didn't get a chance to finish her extraordinary tale. Complete with Olive Ann Burn's notes for later scenes and chapters exactly as she wrote them, ""Leaving Cold Sassy"" is a final, loving goodbye to Cold Sassy, Georgia.",Olive Ann Burns,"[""Fiction"", ""Historical Fiction"", ""Southern"", ""Adult Fiction"", ""Coming Of Age"", ""Historical"", ""Classics"", ""Adult"", ""Humor"", ""Family""]",[],1995.0,1990s,,unknown,3.28,4219.0,473.0,True,0.9920056430754761,3.2844546246909414,8.347590407030058,6.161207321695077,24.0,3.2188758248682006,False,https://www.goodreads.com/book/show/165409,English
