author,book_count,mean_rating,median_rating,total_ratings
Unknown,780,1.5139358974358974,0.0,2421699.0
Books LLC,446,0.4282511210762332,0.0,58.0
Anonymous,422,3.137298578199052,4.04,10413721.0
Source Wikipedia,341,0.3555718475073314,0.0,47.0
Various,283,2.1164310954063605,3.0,49443.0
William Shakespeare,220,3.7588636363636367,3.83,109529697.0
Agatha Christie,152,3.8974999999999995,3.9,24689532.0
Charles Dickens,139,3.9045323741007194,3.88,51214553.0
Enid Blyton,102,4.037549019607843,4.05,456531.0
Arthur Conan Doyle,102,3.9355882352941176,3.975,10929918.0
Mark Twain,97,3.80659793814433,3.87,38060492.0
Walt Disney Company,96,3.7990625,3.9050000000000002,72134.0
Jane Austen,96,4.090208333333334,4.09,160243713.0
Isaac Asimov,89,3.9032584269662918,4.0,4680249.0
Stephen  King,85,3.9636470588235295,3.95,19319924.0
National Research Council,82,0.8389024390243903,0.0,161.0
Jules Verne,80,3.777375,3.85,10130955.0
R.L. Stine,79,3.70620253164557,3.71,380453.0
Nora Roberts,74,4.05027027027027,4.085,2147286.0
Oscar Wilde,74,3.978783783783784,4.13,52034895.0
Robert Louis Stevenson,73,3.745890410958904,3.83,22227578.0
Alexandre Dumas,69,3.9640579710144923,4.03,14981245.0
J.R.R. Tolkien,66,4.282272727272727,4.3,87126604.0
Edgar Allan Poe,62,3.9083870967741934,4.025,1756093.0
Honoré de Balzac,61,3.638688524590164,3.67,512490.0
Edgar Rice Burroughs,61,3.7557377049180327,3.83,586682.0
Fodor's Travel Publications Inc.,60,3.180333333333333,3.825,3010.0
Danielle Steel,60,3.947,3.95,598160.0
Fyodor Dostoevsky,59,4.16677966101695,4.29,25168881.0
P.G. Wodehouse,59,3.9484745762711864,4.05,315905.0
Rudyard Kipling,58,3.7127586206896552,3.8449999999999998,1614698.0
Carolyn Keene,58,3.8662068965517244,3.88,288564.0
Hal Leonard,58,3.248965517241379,4.0,802.0
L.M. Montgomery,56,4.132142857142857,4.19,14297849.0
McGraw-Hill Education,56,1.7571428571428573,0.0,534.0
Henry James,56,3.5228571428571427,3.63,1276277.0
Leo Tolstoy,56,4.080535714285714,4.12,8651754.0
H.G. Wells,55,3.7112727272727275,3.73,7828541.0
Louis L'Amour,55,4.083454545454545,4.08,232191.0
Jack London,53,3.8837735849056605,4.0,5526492.0
James  Patterson,52,3.9632692307692308,4.05,4653306.0
Alfred Music,51,1.286078431372549,0.0,55.0
Mary Higgins Clark,51,3.8396078431372547,3.88,835535.0
Lewis Carroll,51,3.9976470588235293,3.99,14491060.0
Time-Life Books,50,3.6718,3.935,1065.0
OECD Organisation for Economic Co-operation and Development,50,0.1,0.0,1.0
Plato,48,3.988958333333333,4.0,2620786.0
D.H. Lawrence,47,3.527872340425532,3.61,1101199.0
Victor Hugo,47,4.146170212765957,4.15,12841453.0
Joseph Conrad,46,3.5256521739130435,3.61,6614326.0
Louisa May Alcott,46,3.8245652173913043,3.88,21130388.0
Dean Koontz,45,3.8984444444444444,3.89,1964193.0
Roald Dahl,44,4.097045454545455,4.08,15520925.0
Edith Wharton,44,3.795227272727273,3.85,2443987.0
Johann Wolfgang von Goethe,43,3.454651162790698,3.7,2416203.0
Reader's Digest Association,43,3.588604651162791,4.0,966.0
Anton Chekhov,43,3.9725581395348835,3.96,258184.0
Frederic P.  Miller,43,2.2809302325581395,3.0,218.0
Thomas Hardy,42,3.84,3.85,4207965.0
C.S. Lewis,42,4.098809523809524,4.06,18440752.0
Harold Bloom,42,3.709285714285714,3.88,474246.0
Jacob Grimm,41,3.888536585365854,3.99,3816236.0
Ann M. Martin,41,3.8029268292682925,3.78,142419.0
John Grisham,41,3.832682926829268,3.78,7581744.0
Society of Photo-Optical Instrumentation Engineers,40,0.0,0.0,0.0
SparkNotes,39,2.6794871794871793,3.58,93763.0
Golden Books,39,2.8825641025641024,3.92,777.0
Nathaniel Hawthorne,39,3.3458974358974363,3.44,10810149.0
Terry Pratchett,39,4.118717948717949,4.15,3999412.0
Franz Kafka,38,3.9215789473684213,3.93,12342896.0
F. Scott Fitzgerald,38,3.797368421052632,3.8,62771939.0
Francine Pascal,38,3.606842105263158,3.5700000000000003,32348.0
Georgette Heyer,37,3.902702702702703,3.93,406562.0
Max Lucado,37,4.302432432432433,4.27,183633.0
Hans Christian Andersen,37,3.879459459459459,4.05,482074.0
Osho,36,4.120277777777778,4.175,29453.0
Anne McCaffrey,35,4.077999999999999,4.07,895308.0
Beatrix Potter,35,4.128571428571429,4.12,1515859.0
Andre Norton,35,3.8699999999999997,3.88,82899.0
Rumiko Takahashi,35,4.126571428571428,4.16,111086.0
Zane Grey,35,3.8,3.92,91136.0
G.K. Chesterton,35,3.9531428571428577,3.92,592821.0
V.C. Andrews,35,3.8859999999999997,3.86,1077732.0
Alexander McCall Smith,34,3.866764705882353,3.915,814020.0
Ray Bradbury,34,3.941764705882353,3.9050000000000002,8120006.0
George MacDonald,33,4.18,4.08,238040.0
Daniel Defoe,33,3.399090909090909,3.68,6423411.0
Gabriel García Márquez,33,3.9330303030303027,3.94,7580044.0
Walter  Scott,33,3.3484848484848486,3.71,574007.0
Molière,33,3.5230303030303034,3.63,655694.0
Anthony Trollope,33,3.8436363636363637,4.06,130905.0
Orson Scott Card,33,3.6533333333333333,3.82,3728655.0
Publications International,32,3.1734375,3.9050000000000002,264.0
Homer,31,3.77,3.85,19872371.0
Franklin W. Dixon,31,3.7764516129032257,3.78,30897.0
Livres Groupe,31,1.185483870967742,0.0,20.0
Chilton,31,1.2438709677419355,0.0,31.0
Bram Stoker,31,3.795161290322581,4.03,29273712.0
Guy de Maupassant,31,3.7216129032258065,3.84,341877.0
Virginia Woolf,31,3.8725806451612903,3.81,1152657.0
