column,dtype,non_null_count,null_count,null_percentage,unique_count,unique_percentage
title,str,205000,0,0.0,198203,96.6844
contributors,str,205000,0,0.0,177153,86.4161
first_author,str,204989,11,0.0054,149525,72.9429
description,str,178056,26944,13.1434,164802,92.5563
genres,str,205000,0,0.0,47232,23.04
series,str,205000,0,0.0,21147,10.3156
format,str,202150,2850,1.3902,380,0.188
pages,float64,189092,15908,7.76,1833,0.9694
language,str,197141,7859,3.8337,100,0.0507
asin,str,203887,1113,0.5429,203887,100.0
isbn10,str,193187,11813,5.7624,193187,100.0
isbn13,str,192592,12408,6.0527,192592,100.0
publisher,str,198580,6420,3.1317,49736,25.0458
publication_date,str,192333,12667,6.179,12265,6.377
average_rating,float64,204998,2,0.001,306,0.1493
ratings_count,float64,204998,2,0.001,15078,7.3552
reviews_count,float64,204998,2,0.001,5764,2.8117
work_id,float64,204998,2,0.001,196377,95.7946
catalog_guideline_violation,bool,205000,0,0.0,1,0.0005
book_id,str,205000,0,0.0,205000,100.0
url,str,205000,0,0.0,205000,100.0
num_editions,float64,204997,3,0.0015,2464,1.202
has_more_editions,bool,205000,0,0.0,2,0.001
is_part_of_series,bool,205000,0,0.0,2,0.001
