_title,count
Treasure Island,27
Selected Poems,23
A Tale of Two Cities,21
Frankenstein,17
Pride and Prejudice,16
Emma,16
Dracula,16
Oliver Twist,15
Poems,15
Jane Eyre,15
Gulliver's Travels,14
The Odyssey,14
Wuthering Heights,13
The Adventures of Tom Sawyer,13
Persuasion,13
Macbeth,13
A Christmas Carol,13
Robinson Crusoe,12
The Picture of Dorian Gray,12
Romeo and Juliet,12
Economics,12
Management,11
The Scarlet Letter,11
White Fang,11
The Adventures of Huckleberry Finn,10
Hamlet,10
Madame Bovary,10
Black Beauty,10
Secrets,10
Great Expectations,10
The Great Gatsby,10
Pinocchio,10
The Awakening,10
Moby Dick,10
Beowulf,9
The Art of War,9
The Three Musketeers,9
Uncle Tom's Cabin,9
The House of the Seven Gables,8
Birds,8
Anne of Green Gables,8
Les Misérables,8
Heart of Darkness,8
The Prince,8
Crime and Punishment,8
Amazing Grace,8
The Divine Comedy,8
Psychology,8
Dinosaurs,8
Heidi,8
Collected Poems,8
Adventures of Huckleberry Finn,8
Macroeconomics,8
Coming Home,7
Ancient Egypt,7
Cyrano de Bergerac,7
Silas Marner,7
Little Women,7
Australia,7
Sharks,7
The Gift,7
Heaven,7
Alice's Adventures in Wonderland,7
Numbers,7
Collected Stories,7
American Government,7
The Winter's Tale,7
The Pilgrim's Progress,7
Twelfth Night,7
A Midsummer Night's Dream,7
Tao Te Ching,7
The Wind in the Willows,7
Hansel and Gretel,7
The Hound of the Baskervilles,7
The Legend of Sleepy Hollow,7
Awakening,7
Social Psychology,7
Measure for Measure,6
America,6
Colors,6
The War of the Worlds,6
Three Men in a Boat,6
"Winesburg, Ohio",6
Beauty and the Beast,6
Guilty Pleasures,6
Bleak House,6
Anna Karenina,6
Microeconomics,6
Anthem,6
Egypt,6
Cinderella,6
Dubliners,6
Much Ado About Nothing,6
Intermediate Algebra,6
Italy,6
Love,6
David and Goliath,6
David Copperfield,6
Judaism,6
Animals,6
