format,count
Paperback,104614
Hardcover,65288
Kindle Edition,6393
Mass Market Paperback,5296
Unknown Binding,4087
Library Binding,3802
,2850
Audio CD,1915
Audio Cassette,1556
ebook,1250
Perfect Paperback,1153
Nook,1056
Spiral-bound,864
Board Book,514
Audiobook,321
CD-ROM,303
Unbound,297
MP3 CD,293
Leather Bound,244
Pocket Book,243
Tankobon Hardcover,243
Loose Leaf,204
Paperback Bunko,194
Board book,177
Comic,150
paperback,117
Textbook Binding,110
NOOKstudy eTextbook,100
Audio,87
Ring-bound,69
Paperback Shinsho,52
MP3 Book,41
hardcover,40
paper,36
Plastic Comb,34
Pamphlet,30
Broché,30
Other Format,30
Tankobon Softcover,29
Taschenbuch,28
Softcover,28
cloth,27
Cards,25
hardback,24
Hardback,22
chapbook,22
JP Oversized,21
Poche,20
Map,19
Trade Paperback,19
Downloadable Spark Note,17
Print on Demand (Paperback),17
Chapbook,16
DVD-ROM,13
Turtleback,12
Staple Bound,12
Preloaded Digital Audio Player,11
softcover,11
DVD (NTSC),9
Capa Mole,9
unknown,9
Hardcover Large Print,9
新書,8
School & Library Binding,8
文庫,7
単行本,7
Magazine,7
Audible Audio,6
nookbook (ebook),6
eBook,6
Hard Cover,6
Misc. Supplies,6
Sheet music,6
Digital Audio,5
Boxed Set,5
Bath Book,5
online fiction,4
Album,4
book,4
Audio Book,4
Loose-Leaf,4
soft cover,4
Hard cover,4
Audiocd,4
コミック,4
Novelty Book,4
Brochura,4
Paper Back,4
Booklet,4
Game,4
Broschiert,4
artist's book,3
Hardbound,3
Gebundene Ausgabe,3
Squarebound,3
Paperback Large Print,3
Calendar,3
Printed Access Code,3
Stripboek,3
Mimeo book/side-stapled,3
trade paperback,3
Soft Cover,3
Podiobook,3
Diskette,3
وزیری,3
Pocket,3
Downloadable Spark Chart,3
Workbook,2
relié,2
Playaway Audiobook,2
Biography,2
Saddle-stitched,2
audio cassette,2
Hardcover & Audio Cassetter,2
Cartonné,2
VHS Tape,2
Print on Demand (Hardcover),2
Video,2
Trade Paperback Large Print,2
Gebunden,2
paper back,2
Rag Book,2
Paperback Manga,2
"e-book, digital format",2
audiobook,2
Soft cover,2
غلاف عادي,2
Soft Cover [単行本],2
mass market paperback,2
Large Print,2
comics,2
A4 Paperback,1
workbook,1
html,1
Print on Demand,1
Vinyl-bound,1
audio,1
videotape,1
Paperback & Audio CD,1
novel,1
Hardover,1
Taschenbuch-Hardcover,1
Quality paperback,1
Flexibind,1
Playaway,1
Medienkombination: Buch & CD Rom,1
trade Paperback,1
Мягкая обложка (Paperback),1
Audio Download,1
oversized softcover,1
نمایشنامه,1
pocket book,1
"chapbook, hand-stitched",1
"Bound, Paperback",1
Poetry,1
3-Ring Binder,1
Ringbound,1
Side stapled,1
"hand bound, saddle-stitched",1
B/W Photocopy,1
Hardcover | Cloth,1
10-book boxed set,1
comic book,1
Audio download,1
free online,1
spiral bound,1
vázaná vazba,1
Pocketbook,1
Cloth,1
Card Book,1
Audio Cassette - Narrated by Johanna Ward,1
"Paperback, Paper Dust Jacket",1
Reliure inconnue,1
Brossura,1
bookazine,1
Мягкий переплет (Paperback),1
glossy newpaper,1
Paperback & CD,1
Multimedia,1
گالینگور,1
رحلي,1
単行本（ソフトカバー）,1
large format hardcover,1
Two Formats: Regular Paperback & Coil bound,1
chrome,1
large paperback,1
Large Paperback,1
Hardcover + CD-Rom,1
side stapled,1
manga,1
(ebook),1
Chapbooks,1
Hard Paperback,1
Roman,1
Relié,1
Coffee Table Book,1
Audio CD Library Binding,1
CDROM,1
Hardcover first edition,1
school binding,1
Bunko,1
Software,1
iBook,1
book + cd,1
Vook,1
Eight Audio Cassettes,1
Free Online Fiction,1
hard copy,1
bound kinkos,1
"d-mannose, dmannose, cystitis, bladder infection, bladder infections, urine infections, uti, urine i",1
chapbook/ebook,1
Web Novel,1
"Paperback, Cover by Miranda Maher",1
Dissertation,1
audio CD,1
"Book, CDs, cards",1
Audio book,1
other,1
Livro de bolso,1
Playaway format,1
Hardcover with Cassette,1
13 x 20 cm,1
Hardcover with CD,1
staple bound,1
Boché,1
electronic - mobi .prc,1
Webcomic,1
School And Library Binding,1
A5,1
Business,1
"Podiobook, Audio, MP3",1
Boxed Set (paperback),1
Paperback + CD-ROM,1
Handbook,1
Collection,1
digital,1
軟精裝,1
ebook download,1
"hardback, library binding",1
Brossura con sovracoperta,1
"Comic, paperback",1
Dwarsligger,1
CARTONNE,1
"Dissertation, UC Berkeley",1
Single Issue Magazine,1
mass paperback,1
Book and CD,1
NOT A BOOK,1
Spiral Bound,1
PDF,1
eMagazine,1
Cloth bound hard back,1
sofcover,1
papperback,1
Paberback,1
NOT A BOOK Cards,1
Parallel text in English and Japanese.,1
Soft bond,1
brad-bound chapbook,1
Graphic Novels,1
"Well, it will be bound",1
Paperbook,1
dance,1
Microfiche,1
غلاف عادي ورقي,1
(Paperback),1
Perfect-bound,1
Hardback book and boxed spice kit,1
Electronic,1
UMD,1
magazine,1
library binding,1
Libro rústica,1
"Relié percaline d'éditeur, bords des pages dorés",1
Saddle stitch,1
pasta dura,1
ペーパーバック,1
Μαλακό εξώφυλλο,1
"Pocket Edition, Leather in zipper casing",1
word,1
audio download,1
eNewspaper,1
Western,1
"29,4 x 21 x 1,4 cm",1
Large hardcover,1
Flexibinding,1
Betamax Pal,1
The Phaidon Press - Oxford University Press,1
PaperBack,1
Bolsillo,1
chap/ebook,1
booklet,1
Laser Disc,1
Твердый переплет,1
Diskette for Windows,1
print,1
Softback,1
zip,1
kartoniert,1
paper and pdf,1
SoftCover,1
paperbacks,1
DVD and book,1
خانه كتاب,1
Advance Reading Copy,1
soft cover pamphlet,1
"photos of art, essays, and artists bios from the APTof Contermporary Art",1
digest magazine,1
Board,1
Audio CD + eBook,1
Manuscript,1
audio cd,1
Hardcover with slipcase,1
Book on cassette,1
"Paperback, 218pp",1
Твердый переплет (Hardcover),1
Capa mole,1
Harcover,1
رقعی,1
H,1
brochura,1
Antologi,1
Audio CD + ebook,1
Postcard book,1
Marriage Counseling,1
e-chapbook,1
"Hardcover, 2 vol.",1
NOOKmagazine (eMagazine),1
Wrappers,1
Slipcased,1
hard cover,1
artists book,1
Audible Audiobook,1
Hardcover Galaxy Children's Large Print Books,1
Paperback (Large Print),1
paberback,1
Staple-bound chapbook,1
Pocket Hardback,1
E-chap,1
Paperback & Recorder,1
Permabound,1
perfect,1
سلطاني (گالينگور),1
Мягкая обложка,1
E - PDF,1
Hardcover + CD,1
"History, Non-Fiction",1
Journal,1
Flexiback,1
Hard cover book,1
MP3,1
Soft-cover,1
Interactive Book,1
Relié (annuaire),1
hardbound,1
Audio CD - 4 CD Set,1
Klappenbroschur,1
trade paperback;  acting edition,1
"Paperback, Mobipocket and Amazon ""Kindle"" ebook",1
playaway edition,1
Audio cassette,1
chap/e-chap,1
Library Binding & Cassette,1
"Comic (DIN-A-5, S/W)",1
pamphlet,1
Paperback & CD-ROM,1
Wiro-Bound,1
Heftet med flapper,1
electronic e-Book,1
18cm,1
manuscript,1
Inbunden,1
Hardcover & 3 CDs,1
"CD, or book",1
Stationery,1
