language,count
English,166797
German,8199
,7859
Spanish; Castilian,6627
French,5716
Italian,1495
Japanese,1229
Indonesian,873
Portuguese,842
Dutch; Flemish,756
Arabic,572
Russian,564
Polish,472
Persian,368
Swedish,239
Finnish,171
Danish,164
Turkish,164
Czech,140
Hungarian,128
Norwegian,111
Chinese,109
Romanian,104
Bulgarian,95
"Greek, Modern (1453-)",80
Malay,78
Afrikaans,76
Croatian,75
Catalan; Valencian,75
Multiple languages,64
Latin,63
Welsh,61
Serbian,60
Thai,58
Icelandic,56
Hebrew,48
Korean,35
Galician,31
Estonian,29
Bengali,25
Slovenian,21
Latvian,20
Hindi,19
Urdu,17
Irish,17
Lithuanian,16
"Bokmål, Norwegian; Norwegian Bokmål",16
Ukrainian,15
"Greek, Ancient (to 1453)",14
Filipino; Pilipino,11
Slovak,10
Esperanto,9
Sinhala; Sinhalese,7
Vietnamese,7
Scots,6
Armenian,5
Tagalog,5
Malayalam,5
Gaelic; Scottish Gaelic,4
"Norwegian Nynorsk; Nynorsk, Norwegian",4
Bosnian,3
Tamil,3
Basque,3
Sanskrit,3
Mongolian,3
Tibetan,3
Gujarati,3
Georgian,3
Swahili,3
Australian languages,2
Macedonian,2
"English, Middle (1100-1500)",2
Sundanese,2
Yiddish,2
Himachali,1
"Dutch, Middle (ca.1050-1350)",1
"German, Middle High (ca.1050-1500)",1
Tonga (Nyasa),1
"French, Middle (ca.1400-1600)",1
Maltese,1
Xhosa,1
Hawaiian,1
Coptic,1
"Creoles and pidgins, French-based (Other)",1
Telugu,1
Fanti,1
Somali,1
Javanese,1
Lao,1
Hmong,1
Marathi,1
Klingon; tlhIngan-Hol,1
Pali,1
South American Indian (Other),1
Swati,1
Belarusian,1
Nepali,1
Venda,1
Dravidian (Other),1
Dzongkha,1
Amharic,1
