column,null_count,null_percentage
description,26944,13.1434
pages,15908,7.76
publication_date,12667,6.179
isbn13,12408,6.0527
isbn10,11813,5.7624
language,7859,3.8337
publisher,6420,3.1317
format,2850,1.3902
asin,1113,0.5429
first_author,11,0.0054
num_editions,3,0.0015
average_rating,2,0.001
ratings_count,2,0.001
reviews_count,2,0.001
work_id,2,0.001
title,0,0.0
genres,0,0.0
series,0,0.0
contributors,0,0.0
catalog_guideline_violation,0,0.0
book_id,0,0.0
url,0,0.0
has_more_editions,0,0.0
is_part_of_series,0,0.0
