publication_year,publication_month,count
,,12667
2008.0,1.0,2963
2007.0,1.0,2897
1999.0,1.0,2808
1997.0,1.0,2796
1998.0,1.0,2780
2006.0,1.0,2729
2005.0,1.0,2681
1996.0,1.0,2665
1995.0,1.0,2627
2000.0,1.0,2581
2004.0,1.0,2561
2001.0,1.0,2545
2003.0,1.0,2542
2002.0,1.0,2439
1994.0,1.0,2399
2009.0,1.0,2313
1993.0,1.0,2263
1991.0,1.0,2202
1992.0,1.0,2180
1990.0,1.0,2060
1989.0,1.0,1864
2010.0,1.0,1862
1988.0,1.0,1793
1987.0,1.0,1700
1986.0,1.0,1693
1984.0,1.0,1578
1985.0,1.0,1559
1980.0,1.0,1512
1983.0,1.0,1470
1978.0,1.0,1430
1982.0,1.0,1408
1976.0,1.0,1355
1979.0,1.0,1351
1977.0,1.0,1351
1975.0,1.0,1281
1981.0,1.0,1279
1973.0,1.0,1152
1974.0,1.0,1104
1972.0,1.0,919
1971.0,1.0,858
2009.0,10.0,845
2010.0,3.0,834
2010.0,9.0,814
1970.0,1.0,804
2008.0,10.0,801
2009.0,3.0,797
2009.0,9.0,789
2008.0,9.0,785
2007.0,9.0,777
2007.0,10.0,770
2010.0,5.0,763
2007.0,3.0,759
2008.0,4.0,733
2010.0,4.0,727
2009.0,4.0,716
2006.0,10.0,703
2007.0,4.0,698
2010.0,6.0,693
2008.0,8.0,687
2009.0,5.0,683
2007.0,6.0,677
2008.0,12.0,677
2009.0,7.0,676
2005.0,9.0,674
2009.0,11.0,671
2009.0,8.0,667
2009.0,6.0,666
2008.0,3.0,665
2008.0,11.0,662
2008.0,7.0,656
2010.0,2.0,654
2007.0,7.0,652
2006.0,9.0,650
2008.0,6.0,641
2007.0,5.0,641
2010.0,10.0,640
2009.0,2.0,639
2007.0,12.0,633
2007.0,11.0,632
2010.0,7.0,630
2009.0,12.0,628
2008.0,5.0,626
2008.0,2.0,620
2007.0,8.0,605
1969.0,1.0,601
2005.0,4.0,600
2005.0,10.0,592
2010.0,8.0,589
2006.0,11.0,587
2005.0,12.0,586
2004.0,9.0,581
2006.0,3.0,579
2004.0,6.0,576
2006.0,7.0,572
2006.0,4.0,569
2006.0,5.0,560
2006.0,6.0,559
2005.0,3.0,557
2003.0,9.0,557
2005.0,6.0,554
2006.0,8.0,547
2002.0,9.0,542
2000.0,9.0,539
2004.0,10.0,538
2007.0,2.0,528
2006.0,12.0,525
2005.0,11.0,515
2004.0,4.0,513
2002.0,10.0,507
2005.0,5.0,503
2003.0,10.0,500
2001.0,9.0,498
2005.0,8.0,489
2003.0,3.0,485
2004.0,5.0,484
2000.0,10.0,483
2004.0,11.0,480
2004.0,3.0,479
2001.0,10.0,466
2006.0,2.0,466
2002.0,4.0,461
2003.0,8.0,456
2003.0,4.0,456
2004.0,12.0,449
2003.0,6.0,440
2005.0,2.0,440
2010.0,11.0,439
2002.0,3.0,437
2003.0,5.0,435
2005.0,7.0,434
2003.0,7.0,434
2000.0,3.0,433
2004.0,8.0,427
2003.0,12.0,426
2001.0,6.0,423
1999.0,12.0,423
2001.0,12.0,420
2002.0,8.0,419
2002.0,11.0,413
1999.0,10.0,413
2000.0,5.0,413
2000.0,11.0,412
2000.0,12.0,408
2002.0,5.0,407
2002.0,6.0,406
1999.0,9.0,402
2004.0,7.0,402
2001.0,8.0,398
2000.0,6.0,394
2001.0,4.0,391
2011.0,1.0,391
2001.0,3.0,390
2003.0,11.0,382
2004.0,2.0,376
2000.0,4.0,370
1998.0,9.0,367
2001.0,11.0,366
2002.0,7.0,360
2002.0,12.0,358
2001.0,5.0,356
2003.0,2.0,349
2002.0,2.0,349
1998.0,3.0,346
2001.0,2.0,346
1999.0,6.0,345
2000.0,8.0,344
1998.0,6.0,342
1998.0,10.0,340
1999.0,4.0,340
1998.0,11.0,335
1998.0,12.0,335
1999.0,3.0,333
1998.0,4.0,325
2000.0,7.0,321
1997.0,9.0,320
1968.0,1.0,319
2000.0,2.0,314
1999.0,5.0,314
1999.0,11.0,312
2001.0,7.0,308
1996.0,10.0,307
1999.0,8.0,301
1997.0,10.0,295
1996.0,9.0,294
1997.0,12.0,290
1999.0,7.0,286
2010.0,12.0,286
1995.0,9.0,285
1999.0,2.0,285
1998.0,5.0,284
1997.0,11.0,284
1997.0,4.0,283
1995.0,12.0,279
1996.0,4.0,273
2011.0,8.0,273
1998.0,7.0,267
1997.0,6.0,266
1997.0,8.0,263
1996.0,6.0,260
1998.0,8.0,260
1997.0,7.0,251
1997.0,3.0,250
1996.0,11.0,247
1995.0,10.0,245
1995.0,11.0,245
1995.0,3.0,242
1996.0,12.0,241
2011.0,7.0,240
1993.0,9.0,239
2013.0,1.0,229
1996.0,5.0,226
1994.0,12.0,226
1993.0,12.0,224
1994.0,9.0,224
1997.0,5.0,223
1996.0,3.0,221
1995.0,5.0,220
1995.0,8.0,219
1998.0,2.0,218
1995.0,6.0,218
1992.0,12.0,217
1992.0,10.0,214
1991.0,12.0,214
1996.0,8.0,207
1994.0,6.0,206
1995.0,4.0,206
1988.0,12.0,202
1996.0,7.0,201
1993.0,10.0,200
1997.0,2.0,199
1994.0,3.0,197
1996.0,2.0,196
1994.0,10.0,191
1994.0,11.0,190
1991.0,9.0,190
1993.0,3.0,190
1994.0,4.0,188
1994.0,5.0,188
1967.0,1.0,188
1990.0,12.0,187
1993.0,6.0,187
1991.0,10.0,186
1992.0,6.0,185
1993.0,11.0,183
1989.0,12.0,180
1986.0,12.0,179
1995.0,7.0,179
1994.0,8.0,176
1992.0,9.0,175
1992.0,4.0,173
1990.0,10.0,170
1900.0,1.0,168
1994.0,2.0,166
1995.0,2.0,166
1991.0,6.0,163
1993.0,4.0,162
1992.0,3.0,162
1987.0,12.0,159
1990.0,9.0,157
1965.0,1.0,156
1990.0,6.0,155
1991.0,3.0,154
1966.0,1.0,153
2011.0,3.0,152
1989.0,9.0,151
1991.0,11.0,151
2012.0,1.0,150
1990.0,4.0,149
1993.0,5.0,148
1991.0,4.0,146
2011.0,2.0,146
1994.0,7.0,144
1987.0,6.0,143
1992.0,8.0,142
1990.0,2.0,142
1992.0,11.0,139
1993.0,2.0,138
1993.0,8.0,138
1987.0,9.0,137
1991.0,8.0,137
1993.0,7.0,136
2011.0,4.0,136
1989.0,11.0,135
1988.0,10.0,135
1990.0,5.0,135
1989.0,10.0,134
1988.0,9.0,134
1991.0,2.0,133
1985.0,12.0,132
1991.0,5.0,131
1990.0,3.0,130
1990.0,11.0,129
1988.0,11.0,128
1989.0,6.0,128
1992.0,5.0,128
1964.0,1.0,127
1989.0,4.0,127
1963.0,1.0,127
1991.0,7.0,126
2011.0,6.0,125
1992.0,7.0,125
1988.0,6.0,124
1985.0,3.0,122
1984.0,12.0,122
1960.0,1.0,121
2014.0,1.0,120
1987.0,10.0,119
1989.0,5.0,118
1989.0,3.0,118
1962.0,1.0,117
1992.0,2.0,115
1985.0,6.0,114
1986.0,10.0,112
2011.0,5.0,112
1990.0,8.0,111
1989.0,8.0,110
1988.0,5.0,109
1988.0,3.0,109
2011.0,9.0,108
1990.0,7.0,108
1988.0,8.0,108
1983.0,12.0,107
1986.0,9.0,107
1986.0,6.0,105
1988.0,4.0,104
1985.0,4.0,101
1961.0,1.0,101
1988.0,2.0,100
1987.0,3.0,99
1987.0,5.0,99
1987.0,4.0,98
1985.0,10.0,97
1987.0,2.0,97
1989.0,2.0,96
1984.0,6.0,95
1987.0,11.0,95
1989.0,7.0,93
1988.0,7.0,93
1985.0,9.0,92
1986.0,4.0,92
1986.0,11.0,92
1985.0,8.0,92
1987.0,8.0,92
1986.0,8.0,89
1984.0,9.0,87
1981.0,12.0,87
1982.0,12.0,87
1986.0,5.0,87
1983.0,6.0,85
1981.0,6.0,84
1987.0,7.0,82
1986.0,3.0,82
1984.0,10.0,82
1899.0,12.0,82
1982.0,10.0,79
1980.0,6.0,79
1985.0,5.0,79
1984.0,4.0,79
1984.0,3.0,78
1979.0,12.0,78
2014.0,5.0,78
1986.0,2.0,76
1983.0,9.0,75
1985.0,2.0,75
1959.0,1.0,73
1955.0,1.0,72
1979.0,6.0,72
1984.0,7.0,72
1958.0,1.0,71
1985.0,11.0,71
1983.0,4.0,71
1985.0,7.0,70
1982.0,11.0,70
1978.0,6.0,70
1986.0,7.0,70
1983.0,3.0,69
1984.0,8.0,69
1984.0,5.0,68
1981.0,10.0,67
1982.0,6.0,67
1984.0,11.0,66
1983.0,11.0,65
1957.0,1.0,65
1977.0,6.0,62
1978.0,12.0,61
1982.0,4.0,60
1980.0,12.0,60
1954.0,1.0,59
1984.0,2.0,59
1983.0,10.0,59
1981.0,4.0,59
1981.0,8.0,58
1982.0,9.0,58
1981.0,9.0,56
1980.0,5.0,55
1982.0,3.0,55
1982.0,5.0,53
1952.0,1.0,53
1981.0,3.0,53
1983.0,2.0,52
1981.0,7.0,52
1978.0,11.0,52
1982.0,7.0,51
1953.0,1.0,51
1981.0,11.0,51
1950.0,1.0,51
1983.0,5.0,51
1981.0,5.0,50
1982.0,2.0,50
1976.0,6.0,50
1983.0,7.0,50
1982.0,8.0,49
1979.0,9.0,48
1972.0,6.0,48
1956.0,1.0,48
1977.0,12.0,48
2019.0,12.0,48
1976.0,12.0,47
1974.0,6.0,47
1980.0,11.0,47
1983.0,8.0,46
1979.0,10.0,45
1973.0,6.0,45
1975.0,12.0,45
1979.0,11.0,44
1978.0,7.0,44
1978.0,3.0,44
1980.0,4.0,44
1979.0,5.0,43
2012.0,2.0,43
2012.0,7.0,43
1980.0,3.0,43
2011.0,10.0,42
1978.0,9.0,42
2018.0,2.0,41
1980.0,9.0,41
1980.0,10.0,41
1974.0,12.0,40
1977.0,9.0,39
1970.0,6.0,39
1951.0,1.0,38
1978.0,10.0,38
1979.0,8.0,38
1979.0,4.0,38
2012.0,3.0,37
1975.0,9.0,37
1949.0,1.0,37
1977.0,3.0,37
1969.0,6.0,36
1975.0,6.0,36
1971.0,6.0,36
1977.0,4.0,36
2011.0,11.0,35
1980.0,2.0,35
2018.0,8.0,35
1979.0,7.0,35
1977.0,7.0,33
2012.0,8.0,32
1976.0,10.0,32
2019.0,1.0,32
1971.0,12.0,32
2016.0,1.0,32
1948.0,1.0,31
2012.0,10.0,31
1980.0,7.0,31
1656.0,1.0,31
1977.0,11.0,30
1979.0,3.0,30
1981.0,2.0,30
1980.0,8.0,29
1977.0,5.0,29
1970.0,12.0,29
1974.0,10.0,29
1978.0,2.0,29
1600.0,1.0,29
1940.0,1.0,29
2012.0,5.0,29
1972.0,12.0,28
1976.0,11.0,28
2022.0,2.0,28
1978.0,5.0,28
1972.0,10.0,28
2012.0,12.0,28
1978.0,4.0,28
1974.0,9.0,28
2014.0,11.0,27
1946.0,1.0,27
2012.0,9.0,27
1943.0,1.0,27
1978.0,8.0,27
1976.0,3.0,27
2012.0,11.0,26
2012.0,4.0,26
2012.0,6.0,26
2014.0,6.0,25
1979.0,2.0,25
1709.0,1.0,25
1929.0,1.0,25
1750.0,1.0,25
2011.0,12.0,25
1977.0,8.0,25
1976.0,4.0,25
2015.0,2.0,25
1976.0,5.0,25
1973.0,3.0,25
1975.0,5.0,24
1930.0,1.0,24
1972.0,9.0,24
1968.0,6.0,24
1973.0,12.0,24
1969.0,10.0,24
1973.0,7.0,24
1975.0,2.0,24
1977.0,10.0,23
2025.0,1.0,23
2015.0,1.0,23
1975.0,4.0,23
1974.0,2.0,23
1976.0,8.0,23
1947.0,1.0,22
1973.0,10.0,22
1976.0,9.0,22
1975.0,10.0,22
1973.0,5.0,22
1969.0,4.0,22
1969.0,12.0,22
2013.0,3.0,22
1970.0,4.0,21
1972.0,5.0,21
1800.0,1.0,21
1973.0,9.0,21
1941.0,1.0,21
1974.0,4.0,21
1973.0,8.0,20
1945.0,1.0,20
1939.0,1.0,20
1920.0,1.0,20
1977.0,2.0,20
1972.0,3.0,20
2014.0,8.0,19
1937.0,1.0,19
1974.0,5.0,19
1972.0,2.0,19
1974.0,11.0,19
1967.0,6.0,19
2019.0,7.0,19
1944.0,1.0,18
1969.0,9.0,18
1970.0,10.0,18
2013.0,4.0,18
1971.0,2.0,18
2013.0,9.0,18
1942.0,1.0,18
1971.0,9.0,18
1970.0,3.0,18
2015.0,12.0,18
1922.0,1.0,18
2015.0,3.0,18
1971.0,11.0,17
1973.0,11.0,17
1973.0,2.0,17
1974.0,7.0,17
1976.0,2.0,17
1975.0,11.0,17
2013.0,8.0,17
1971.0,3.0,17
2014.0,2.0,17
1972.0,11.0,17
1968.0,12.0,17
2013.0,5.0,17
2021.0,1.0,17
1974.0,3.0,17
2019.0,9.0,16
1969.0,5.0,16
1970.0,7.0,15
1973.0,4.0,15
1972.0,8.0,15
1975.0,7.0,15
1926.0,1.0,15
2013.0,12.0,15
1974.0,8.0,15
2014.0,9.0,15
1976.0,7.0,15
1972.0,7.0,14
1970.0,5.0,14
1971.0,7.0,14
1970.0,2.0,14
2020.0,1.0,14
2015.0,10.0,14
1925.0,1.0,13
1975.0,8.0,13
1966.0,6.0,13
1927.0,1.0,13
1931.0,1.0,13
1935.0,1.0,13
1938.0,1.0,13
1933.0,1.0,13
2014.0,3.0,13
2019.0,4.0,13
1972.0,4.0,13
2016.0,2.0,13
2013.0,2.0,13
1968.0,11.0,13
1975.0,3.0,13
2014.0,12.0,13
1968.0,10.0,12
1971.0,8.0,12
2018.0,1.0,12
1964.0,6.0,12
1965.0,12.0,12
1936.0,1.0,12
1969.0,7.0,12
1969.0,11.0,12
1968.0,9.0,12
1969.0,3.0,12
1968.0,3.0,12
2013.0,7.0,12
1928.0,1.0,12
1971.0,5.0,12
1924.0,1.0,11
2013.0,11.0,11
2018.0,12.0,11
1965.0,6.0,11
2017.0,4.0,11
2014.0,7.0,11
2015.0,4.0,11
1967.0,10.0,11
1957.0,6.0,11
1971.0,4.0,11
2015.0,5.0,11
1964.0,3.0,11
1971.0,10.0,11
1970.0,9.0,11
1921.0,1.0,10
2015.0,6.0,10
1963.0,12.0,10
1916.0,1.0,10
2015.0,7.0,10
1905.0,1.0,10
1969.0,2.0,10
1700.0,1.0,10
1901.0,1.0,10
2015.0,8.0,10
1970.0,11.0,10
1932.0,1.0,10
2024.0,1.0,9
1904.0,1.0,9
1967.0,7.0,9
2018.0,4.0,9
1967.0,9.0,9
1934.0,1.0,9
2019.0,8.0,9
2013.0,10.0,9
1970.0,8.0,9
1968.0,2.0,9
2099.0,11.0,9
1911.0,1.0,8
2016.0,12.0,8
1919.0,1.0,8
1895.0,1.0,8
2015.0,9.0,8
2016.0,4.0,8
2014.0,10.0,8
2024.0,8.0,8
1902.0,1.0,8
1964.0,11.0,8
2014.0,4.0,8
1855.0,1.0,8
2016.0,9.0,8
2015.0,11.0,8
1969.0,8.0,8
2018.0,5.0,8
2020.0,4.0,8
1961.0,12.0,8
1962.0,12.0,8
1966.0,5.0,8
2018.0,3.0,8
2016.0,3.0,8
2016.0,6.0,8
2017.0,2.0,8
2018.0,7.0,8
1966.0,9.0,7
2020.0,5.0,7
2016.0,5.0,7
2017.0,1.0,7
1962.0,6.0,7
1907.0,1.0,7
2024.0,7.0,7
1956.0,12.0,7
1967.0,3.0,7
2022.0,5.0,7
1965.0,4.0,7
1609.0,1.0,7
1896.0,1.0,7
1968.0,8.0,7
1909.0,1.0,7
2017.0,6.0,7
2022.0,1.0,7
2020.0,6.0,7
1964.0,12.0,7
1965.0,3.0,7
1967.0,8.0,7
1964.0,2.0,7
2023.0,1.0,7
2020.0,11.0,7
2017.0,7.0,7
2013.0,6.0,7
1960.0,12.0,6
1923.0,1.0,6
2016.0,8.0,6
2019.0,6.0,6
1869.0,1.0,6
1965.0,11.0,6
1893.0,1.0,6
1959.0,12.0,6
2030.0,12.0,6
1912.0,1.0,6
1918.0,1.0,6
1967.0,12.0,6
1887.0,1.0,6
1707.0,1.0,6
1964.0,5.0,6
1968.0,7.0,6
1951.0,12.0,6
1965.0,10.0,6
1968.0,5.0,6
1966.0,12.0,6
2021.0,9.0,6
1962.0,7.0,6
1846.0,1.0,6
1965.0,2.0,6
2016.0,7.0,6
1958.0,6.0,6
9999.0,1.0,6
2017.0,3.0,6
2050.0,12.0,6
1913.0,1.0,6
2019.0,10.0,5
2017.0,11.0,5
1939.0,6.0,5
2026.0,3.0,5
1966.0,3.0,5
2018.0,10.0,5
1899.0,1.0,5
1850.0,1.0,5
1963.0,7.0,5
1966.0,11.0,5
1965.0,9.0,5
1967.0,2.0,5
2020.0,2.0,5
1805.0,1.0,5
1890.0,1.0,5
1605.0,1.0,5
1888.0,1.0,5
1722.0,1.0,5
1881.0,1.0,5
1961.0,6.0,5
1894.0,1.0,5
1908.0,1.0,5
1910.0,1.0,5
2024.0,9.0,5
2022.0,10.0,5
1865.0,1.0,5
1964.0,10.0,5
1960.0,4.0,5
2019.0,2.0,5
2017.0,10.0,5
2021.0,11.0,5
1385.0,1.0,5
1915.0,1.0,5
2026.0,6.0,5
1964.0,8.0,5
1877.0,1.0,5
1801.0,1.0,5
1963.0,6.0,5
1968.0,4.0,5
1960.0,6.0,5
2016.0,10.0,5
1961.0,10.0,5
1917.0,1.0,5
1880.0,1.0,5
2018.0,11.0,5
2023.0,12.0,5
1876.0,1.0,4
1963.0,11.0,4
2022.0,11.0,4
1851.0,1.0,4
1886.0,1.0,4
1843.0,1.0,4
1820.0,1.0,4
1825.0,1.0,4
1853.0,1.0,4
1961.0,8.0,4
1844.0,1.0,4
1804.0,1.0,4
1818.0,1.0,4
1931.0,12.0,4
1942.0,7.0,4
2024.0,5.0,4
2023.0,9.0,4
2018.0,9.0,4
1965.0,8.0,4
2023.0,4.0,4
1961.0,11.0,4
1898.0,1.0,4
1963.0,9.0,4
2017.0,9.0,4
1806.0,1.0,4
1957.0,9.0,4
1959.0,9.0,4
2024.0,10.0,4
2020.0,8.0,4
1962.0,3.0,4
2022.0,4.0,4
2024.0,11.0,4
2020.0,12.0,4
2021.0,2.0,4
1964.0,9.0,4
2020.0,10.0,4
1903.0,1.0,4
1952.0,6.0,4
1959.0,6.0,4
1906.0,1.0,4
2024.0,12.0,4
1731.0,1.0,4
2021.0,10.0,4
1963.0,10.0,4
2017.0,5.0,4
2019.0,5.0,4
1941.0,12.0,4
1874.0,1.0,4
1967.0,11.0,4
1905.0,6.0,4
2023.0,6.0,4
2020.0,7.0,4
1380.0,1.0,4
1966.0,2.0,4
1387.0,1.0,4
1827.0,1.0,4
1940.0,12.0,3
1382.0,1.0,3
2023.0,5.0,3
1384.0,1.0,3
1857.0,1.0,3
1879.0,1.0,3
1950.0,12.0,3
1961.0,5.0,3
2075.0,12.0,3
2022.0,9.0,3
1961.0,4.0,3
1821.0,1.0,3
1954.0,9.0,3
1945.0,6.0,3
1966.0,8.0,3
1386.0,1.0,3
1832.0,1.0,3
1951.0,6.0,3
1838.0,1.0,3
2023.0,3.0,3
1856.0,1.0,3
1950.0,6.0,3
2026.0,2.0,3
1803.0,1.0,3
2021.0,5.0,3
1957.0,8.0,3
1964.0,4.0,3
1955.0,10.0,3
1774.0,1.0,3
1840.0,1.0,3
1960.0,3.0,3
1848.0,1.0,3
2017.0,12.0,3
1765.0,1.0,3
1957.0,12.0,3
1814.0,1.0,3
2021.0,12.0,3
1927.0,12.0,3
1817.0,1.0,3
2022.0,12.0,3
1842.0,1.0,3
1705.0,1.0,3
1940.0,6.0,3
1956.0,2.0,3
1377.0,1.0,3
1954.0,12.0,3
1811.0,1.0,3
1673.0,1.0,3
1883.0,1.0,3
1657.0,1.0,3
2020.0,9.0,3
1962.0,10.0,3
2020.0,3.0,3
2025.0,11.0,3
2021.0,7.0,3
1961.0,9.0,3
2016.0,11.0,3
1914.0,1.0,3
1966.0,10.0,3
1900.0,4.0,3
1935.0,6.0,3
1959.0,10.0,3
2099.0,12.0,3
1967.0,5.0,3
1816.0,1.0,3
2025.0,12.0,3
1960.0,9.0,3
2018.0,6.0,3
1949.0,12.0,3
1831.0,1.0,3
1958.0,10.0,3
1809.0,1.0,3
1884.0,1.0,3
1713.0,1.0,3
1871.0,1.0,3
1967.0,4.0,3
1962.0,5.0,3
1963.0,3.0,3
1966.0,7.0,3
1963.0,4.0,2
1822.0,1.0,2
1860.0,1.0,2
1933.0,12.0,2
2026.0,1.0,2
1958.0,12.0,2
2021.0,4.0,2
1741.0,1.0,2
1954.0,7.0,2
1966.0,4.0,2
1960.0,11.0,2
1830.0,1.0,2
1864.0,1.0,2
1956.0,10.0,2
2021.0,6.0,2
1788.0,1.0,2
1357.0,1.0,2
1951.0,11.0,2
1958.0,4.0,2
1952.0,4.0,2
2025.0,2.0,2
1690.0,1.0,2
1930.0,6.0,2
1867.0,1.0,2
1959.0,7.0,2
1958.0,9.0,2
1808.0,1.0,2
1947.0,6.0,2
1802.0,1.0,2
1960.0,2.0,2
1934.0,12.0,2
2035.0,1.0,2
1829.0,1.0,2
1882.0,1.0,2
2051.0,2.0,2
1611.0,1.0,2
1953.0,3.0,2
1667.0,1.0,2
1772.0,1.0,2
1946.0,10.0,2
1953.0,6.0,2
1946.0,9.0,2
1932.0,6.0,2
1823.0,1.0,2
1961.0,3.0,2
1778.0,1.0,2
2025.0,9.0,2
1711.0,1.0,2
1785.0,1.0,2
1945.0,10.0,2
1962.0,4.0,2
1872.0,1.0,2
1654.0,1.0,2
1841.0,1.0,2
1852.0,1.0,2
1959.0,2.0,2
1870.0,1.0,2
1961.0,7.0,2
2026.0,5.0,2
2025.0,5.0,2
2017.0,8.0,2
1943.0,9.0,2
1937.0,6.0,2
1920.0,6.0,2
2021.0,8.0,2
1368.0,1.0,2
1892.0,1.0,2
1955.0,7.0,2
1962.0,9.0,2
1959.0,8.0,2
1767.0,1.0,2
1873.0,1.0,2
1628.0,1.0,2
1783.0,1.0,2
2023.0,8.0,2
2025.0,4.0,2
1813.0,1.0,2
1866.0,1.0,2
1963.0,5.0,2
1602.0,1.0,2
1641.0,1.0,2
1833.0,1.0,2
1958.0,3.0,2
2026.0,4.0,2
1948.0,5.0,2
1928.0,6.0,2
1601.0,1.0,2
1839.0,1.0,2
1905.0,7.0,2
1682.0,1.0,2
1675.0,1.0,2
1951.0,9.0,2
1956.0,6.0,2
1727.0,1.0,2
1963.0,2.0,2
2022.0,6.0,2
1929.0,8.0,2
1791.0,1.0,2
1683.0,1.0,2
1889.0,1.0,2
1826.0,1.0,2
1858.0,1.0,2
1961.0,2.0,2
1868.0,1.0,2
1626.0,1.0,2
1677.0,1.0,2
1717.0,1.0,2
1922.0,2.0,2
1854.0,1.0,2
199.0,1.0,2
1369.0,1.0,2
1794.0,1.0,2
1428.0,1.0,2
1952.0,11.0,2
1957.0,10.0,2
1766.0,1.0,2
1944.0,6.0,2
1962.0,8.0,2
1604.0,1.0,2
1000.0,1.0,2
1891.0,9.0,1
1929.0,5.0,1
1637.0,1.0,1
1376.0,1.0,1
1916.0,6.0,1
1957.0,3.0,1
1726.0,1.0,1
199.0,2.0,1
1644.0,1.0,1
280.0,1.0,1
1927.0,6.0,1
1753.0,1.0,1
957.0,1.0,1
1936.0,6.0,1
2026.0,7.0,1
1225.0,1.0,1
1737.0,1.0,1
1928.0,5.0,1
1619.0,1.0,1
1949.0,9.0,1
1739.0,1.0,1
1946.0,3.0,1
1736.0,1.0,1
1373.0,1.0,1
1669.0,1.0,1
1615.0,1.0,1
1875.0,1.0,1
2040.0,6.0,1
1807.0,1.0,1
1635.0,1.0,1
1762.0,1.0,1
1958.0,2.0,1
1944.0,12.0,1
77.0,1.0,1
1947.0,2.0,1
1819.0,1.0,1
2042.0,2.0,1
1923.0,6.0,1
1740.0,1.0,1
1815.0,1.0,1
1868.0,11.0,1
2022.0,3.0,1
2050.0,1.0,1
1938.0,4.0,1
1945.0,4.0,1
1944.0,10.0,1
1646.0,1.0,1
1712.0,1.0,1
1949.0,6.0,1
1947.0,3.0,1
1608.0,1.0,1
1648.0,1.0,1
1906.0,12.0,1
2030.0,4.0,1
1645.0,1.0,1
1872.0,11.0,1
1921.0,6.0,1
1921.0,5.0,1
1963.0,8.0,1
2026.0,9.0,1
1387.0,10.0,1
1943.0,2.0,1
1678.0,1.0,1
1939.0,2.0,1
1828.0,1.0,1
1769.0,1.0,1
1620.0,1.0,1
1939.0,10.0,1
1612.0,1.0,1
1953.0,4.0,1
1361.0,1.0,1
1650.0,1.0,1
1898.0,9.0,1
1834.0,1.0,1
1940.0,2.0,1
1768.0,1.0,1
1956.0,11.0,1
1949.0,10.0,1
1900.0,7.0,1
2024.0,3.0,1
1959.0,11.0,1
1362.0,1.0,1
1921.0,12.0,1
1926.0,6.0,1
2028.0,6.0,1
200.0,1.0,1
8841.0,1.0,1
152.0,1.0,1
1964.0,7.0,1
1895.0,2.0,1
1255.0,1.0,1
2026.0,10.0,1
1929.0,10.0,1
176.0,1.0,1
1945.0,3.0,1
1616.0,1.0,1
1954.0,10.0,1
2025.0,7.0,1
1111.0,1.0,1
2338.0,5.0,1
1914.0,6.0,1
1953.0,12.0,1
1885.0,1.0,1
1653.0,1.0,1
2021.0,3.0,1
1953.0,10.0,1
1938.0,12.0,1
1917.0,4.0,1
1965.0,7.0,1
1065.0,1.0,1
2029.0,12.0,1
1630.0,1.0,1
1627.0,1.0,1
1959.0,3.0,1
1381.0,1.0,1
1941.0,10.0,1
1958.0,7.0,1
1952.0,5.0,1
1651.0,1.0,1
2050.0,2.0,1
1781.0,1.0,1
1946.0,6.0,1
2990.0,1.0,1
1957.0,5.0,1
1952.0,2.0,1
1636.0,1.0,1
1910.0,10.0,1
1633.0,1.0,1
1962.0,2.0,1
1949.0,3.0,1
1947.0,11.0,1
1937.0,9.0,1
1849.0,1.0,1
2035.0,5.0,1
1812.0,1.0,1
1953.0,9.0,1
2022.0,7.0,1
202.0,1.0,1
1955.0,8.0,1
1710.0,1.0,1
1939.0,9.0,1
1943.0,12.0,1
1896.0,2.0,1
1930.0,3.0,1
1666.0,1.0,1
1728.0,1.0,1
1372.0,1.0,1
2099.0,1.0,1
68.0,1.0,1
1953.0,7.0,1
1643.0,1.0,1
1954.0,3.0,1
1955.0,4.0,1
1930.0,2.0,1
1953.0,5.0,1
1685.0,1.0,1
1004.0,4.0,1
1936.0,12.0,1
1810.0,1.0,1
1960.0,8.0,1
1956.0,3.0,1
2025.0,8.0,1
1943.0,10.0,1
1664.0,1.0,1
1642.0,1.0,1
1364.0,1.0,1
1715.0,1.0,1
1663.0,1.0,1
1000.0,10.0,1
1718.0,1.0,1
1958.0,5.0,1
1836.0,1.0,1
1912.0,12.0,1
1344.0,1.0,1
1943.0,8.0,1
1944.0,5.0,1
1775.0,1.0,1
1951.0,5.0,1
1942.0,9.0,1
496.0,1.0,1
1652.0,1.0,1
1956.0,9.0,1
1419.0,1.0,1
1378.0,1.0,1
1911.0,11.0,1
1862.0,1.0,1
1960.0,7.0,1
1881.0,6.0,1
1930.0,12.0,1
1760.0,1.0,1
8.0,3.0,1
2050.0,7.0,1
1622.0,1.0,1
1845.0,1.0,1
1688.0,1.0,1
1913.0,12.0,1
2024.0,4.0,1
1379.0,1.0,1
1919.0,9.0,1
2050.0,10.0,1
87.0,1.0,1
1945.0,8.0,1
2019.0,3.0,1
1950.0,11.0,1
1714.0,1.0,1
1955.0,6.0,1
1942.0,6.0,1
1897.0,12.0,1
1954.0,5.0,1
1665.0,1.0,1
1824.0,1.0,1
1946.0,11.0,1
1386.0,5.0,1
1371.0,1.0,1
1797.0,1.0,1
1955.0,5.0,1
1375.0,1.0,1
2032.0,3.0,1
1938.0,3.0,1
1965.0,5.0,1
1798.0,1.0,1
1943.0,5.0,1
1912.0,10.0,1
200.0,3.0,1
1699.0,1.0,1
1951.0,10.0,1
1068.0,1.0,1
1945.0,11.0,1
1835.0,1.0,1
1951.0,2.0,1
2035.0,12.0,1
1847.0,1.0,1
2031.0,3.0,1
1761.0,1.0,1
1701.0,1.0,1
1939.0,11.0,1
1939.0,3.0,1
2026.0,8.0,1
1946.0,8.0,1
1948.0,12.0,1
1618.0,1.0,1
1721.0,1.0,1
2024.0,6.0,1
1724.0,1.0,1
